pais,anio,mes,incumbente,ganador,alternancia,presidente_candidato,caso_especial,nota,crec_4a,crec_ult2,crec_prim2,recesion_ult2,crec_t1,crec_t2,crec_t3,crec_t4,crec_t0,desemp_t1,dif_desemp_2a,dif_desemp_4a,dif_desemp_2a_t0,desaceleracion,frenazo
Argentina,1989,5,UCR (Alfonsin),Menem (PJ),1,0,,,0.348,0.343,0.353,1,-1.895,2.582,7.321,-6.615,-6.206,,,,,-0.009,1
Argentina,1995,5,PJ (Menem),Menem (PJ),0,1,,,8.722,6.536,10.908,0,6.328,6.744,10.802,11.013,-2.395,11.760,5.400,,8.700,-4.371,1
Argentina,1999,10,PJ (Menem),De la Rua (Alianza),1,0,,,4.143,6.471,1.814,0,4.335,8.606,6.024,-2.395,-2.939,12.650,-4.460,0.890,-0.770,4.656,0
Argentina,2003,4,PJ (Duhalde),Kirchner (PJ-FPV),0,0,interino,Duhalde designado por el Congreso tras la crisis de 2001,-4.462,-7.288,-1.636,1,-10.548,-4.029,-0.332,-2.939,9.238,19.590,4.590,6.940,-1.960,-5.653,1
Argentina,2007,10,FPV (Kirchner),C. Fernandez (FPV),0,0,,,9.092,8.874,9.310,0,8.526,9.221,9.382,9.238,9.571,10.078,-3.444,-9.512,-3.036,-0.436,1
Argentina,2011,10,FPV (C. Fernandez),C. Fernandez (FPV),0,1,,,4.976,2.897,7.054,1,11.313,-5.519,4.538,9.571,6.612,7.714,-0.123,-2.364,-1.465,-4.157,1
Argentina,2015,10,FPV (C. Fernandez),Macri (Cambiemos),1,0,,,1.370,-0.054,2.793,1,-2.513,2.405,-1.026,6.612,2.731,7.268,0.051,-0.446,0.477,-2.847,1
Argentina,2019,10,Cambiemos (Macri),A. Fernandez (FdT),1,1,,,0.213,0.101,0.326,1,-2.617,2.819,-2.080,2.731,-2.001,9.220,1.132,1.952,1.496,-0.225,1
Argentina,2023,10,UxP (A. Fernandez),Milei (LLA),1,0,,,0.924,7.820,-5.972,0,5.243,10.398,-9.943,-2.001,-1.600,6.805,-4.656,-2.415,-2.597,13.792,0
Bolivia,1985,7,UDP (Siles Zuazo),Paz Estenssoro (MNR),1,0,,Presidente elegido por el Congreso,-1.728,-1.730,-1.725,1,1.007,-4.468,-4.366,0.916,-0.703,,,,,-0.005,1
Bolivia,1989,5,MNR (Paz Estenssoro),Paz Zamora (MIR),1,0,,Presidente elegido por el Congreso,0.633,3.210,-1.944,0,3.776,2.644,-3.185,-0.703,2.892,,,,,5.154,0
Bolivia,1993,6,MIR-AP (Paz Zamora),Sanchez de Lozada (MNR),1,0,,,3.879,3.727,4.031,0,1.898,5.556,5.170,2.892,4.483,3.030,,,0.115,-0.304,1
Bolivia,1997,6,MNR (Sanchez de Lozada),Banzer (ADN),1,0,,,4.712,4.755,4.670,0,4.615,4.894,4.858,4.483,5.211,2.375,-0.705,-0.655,-0.584,0.084,0
Bolivia,2002,6,ADN (Quiroga),Sanchez de Lozada (MNR),1,0,,,2.678,2.376,2.980,0,1.960,2.793,0.683,5.276,2.803,2.623,0.324,0.543,0.164,-0.603,1
Bolivia,2005,12,Independiente (Rodriguez Veltze),Morales (MAS),1,0,interino,Gobierno de transicion tras renuncias de Sanchez de Lozada y Mesa,3.077,3.773,2.381,0,4.528,3.018,2.803,1.960,4.797,2.615,0.012,0.176,-0.056,1.392,0
Bolivia,2009,12,MAS (Morales),Morales (MAS),0,1,,,5.382,5.763,5.001,0,6.558,4.969,5.205,4.797,3.767,2.603,0.028,-0.012,0.359,0.762,0
Bolivia,2014,10,MAS (Morales),Morales (MAS),0,1,,,5.526,5.959,5.093,0,6.796,5.122,5.618,4.568,5.461,2.437,0.182,-0.536,-0.045,0.866,0
Bolivia,2020,10,Demócratas (Áñez),Arce (MAS),1,0,interino,Gobierno de transicion tras anulacion de 2019,3.725,3.220,4.229,0,2.217,4.224,4.195,4.264,-8.738,3.682,0.027,0.571,4.384,-1.009,1
Bolivia,2025,8,MAS (Arce),R. Paz (PDC),1,0,,,3.277,1.900,4.653,0,0.700,3.100,3.200,6.106,,3.274,-0.278,-4.629,-0.057,-2.753,1
Brasil,1989,11,PMDB (Sarney),Collor (PRN),1,0,,Primera eleccion directa desde 1960,4.676,1.706,7.646,1,-0.098,3.510,7.487,7.806,3.185,,,,,-5.940,1
Brasil,1994,10,Itamar Franco (sin partido),Cardoso (PSDB),0,0,interino,Cardoso fue el candidato del gobierno (ex ministro de Hacienda),1.250,3.486,-0.987,0,6.252,0.720,2.329,-4.303,7.207,6.030,-0.857,,-0.507,4.473,0
Brasil,1998,10,PSDB (Cardoso),Cardoso (PSDB),0,1,,,5.240,4.109,6.372,0,4.709,3.508,5.536,7.207,1.616,9.003,1.911,2.973,2.115,-2.263,1
Brasil,2002,10,PSDB (Cardoso),Lula (PT),1,0,,,2.923,4.167,1.680,0,2.632,5.701,1.744,1.616,4.269,10.649,-0.476,1.646,-0.248,2.487,0
Brasil,2006,10,PT (Lula),Lula (PT),0,1,,,4.513,5.731,3.295,0,4.453,7.009,2.320,4.269,5.241,10.551,-0.617,-0.098,-0.380,2.436,0
Brasil,2010,10,PT (Lula),Rousseff (PT),0,0,,,5.042,3.786,6.298,0,1.161,6.411,7.355,5.241,8.917,9.419,0.139,-1.132,0.152,-2.512,1
Brasil,2014,10,PT (Rousseff),Rousseff (PT),0,1,,,4.772,2.463,7.082,0,3.005,1.921,5.246,8.917,0.504,7.071,-0.507,-2.348,-0.496,-4.619,1
Brasil,2018,10,MDB (Temer),Bolsonaro (PSL),1,0,interino,Temer asumio tras el impeachment de Rousseff,-1.249,-0.977,-1.521,1,1.323,-3.276,-3.546,0.504,1.784,12.792,4.254,5.721,0.749,0.544,0
Brasil,2022,10,PL (Bolsonaro),Lula (PT),1,1,,,1.179,0.856,1.502,1,4.989,-3.277,1.221,1.784,2.901,13.158,1.222,0.366,-4.466,-0.646,1
Chile,1993,12,Concertacion (Aylwin),Frei (Concertacion),0,0,,,8.315,9.405,7.224,0,11.540,7.271,3.773,10.675,6.307,4.350,,,-0.740,2.181,0
Chile,1999,12,Concertacion (Frei),Lagos (Concertacion),0,0,,,6.274,4.239,8.308,0,2.563,5.915,6.697,9.920,-1.406,7.307,-0.107,1.437,4.022,-4.069,1
Chile,2005,12,Concertacion (Lagos),Bachelet (Concertacion),0,0,,,3.158,4.205,2.111,0,5.354,3.056,1.521,2.701,5.245,10.162,-0.006,-0.329,-0.425,2.094,0
Chile,2009,12,Concertacion (Bachelet),Pinera (Coalicion por el Cambio),1,0,,,4.425,3.484,5.367,0,2.722,4.246,5.488,5.245,-2.348,9.285,0.261,-0.877,2.886,-1.883,1
Chile,2013,11,Alianza (Pinera),Bachelet (Nueva Mayoria),1,0,,,3.500,5.761,1.239,0,6.155,5.367,4.825,-2.348,3.309,6.790,-1.757,-2.495,-1.131,4.522,0
Chile,2017,11,Nueva Mayoria (Bachelet),Pinera (Chile Vamos),1,0,,,2.252,1.952,2.551,0,1.753,2.152,1.793,3.309,1.358,6.926,0.165,0.136,0.652,-0.599,1
Chile,2021,11,Chile Vamos (Pinera),Boric (Apruebo Dignidad),1,0,,,-0.013,-2.701,2.674,1,-6.145,0.743,3.990,1.358,11.737,10.934,3.311,4.008,1.788,-5.375,1
Chile,2025,11,Unidad por Chile (Boric),Kast (Republicano),1,0,,,4.319,1.550,7.088,0,2.600,0.500,2.440,11.737,,8.718,0.469,-2.216,-0.039,-5.538,1
Colombia,1986,5,Conservador (Betancur),Barco (Liberal),1,0,,,2.357,3.423,1.291,0,3.272,3.574,1.604,0.979,6.124,,,,,2.132,0
Colombia,1990,5,Liberal (Barco),Gaviria (Liberal),0,0,,,4.702,3.662,5.742,0,3.249,4.075,5.361,6.124,4.179,,,,,-2.081,1
Colombia,1994,5,Liberal (Gaviria),Samper (Liberal),0,0,,,4.127,5.006,3.248,0,5.715,4.297,2.318,4.179,5.108,7.800,-2.320,,-1.190,1.758,0
Colombia,1998,5,Liberal (Samper),Pastrana (Conservador),1,0,,,3.961,2.795,5.126,0,3.596,1.994,5.144,5.108,0.410,12.140,3.420,4.340,3.190,-2.331,1
Colombia,2002,5,Conservador (Pastrana),Uribe (Primero Colombia),1,0,,,0.192,2.233,-1.850,0,1.658,2.809,-4.110,0.410,2.506,15.040,-5.020,2.900,-6.039,4.083,0
Colombia,2006,5,Primero Colombia (Uribe),Uribe,0,1,,,4.064,4.934,3.193,0,4.605,5.264,3.881,2.506,6.650,11.062,-2.159,-3.978,-2.629,1.741,0
Colombia,2010,5,Uribismo - La U (Uribe),Santos (La U),0,0,,,4.600,2.491,6.710,0,1.571,3.411,6.769,6.650,3.934,12.066,0.862,1.004,-0.120,-4.219,1
Colombia,2014,5,La U (Santos),Santos (La U),0,1,,,4.851,4.524,5.178,0,5.134,3.913,6.421,3.934,4.499,9.246,-1.042,-2.820,-1.160,-0.654,1
Colombia,2018,5,La U (Santos),Duque (Centro Democratico),1,0,,,2.725,1.724,3.727,0,1.359,2.088,2.956,4.499,2.564,9.086,0.514,-0.160,0.438,-2.004,1
Colombia,2022,5,Centro Democratico (Duque),Petro (Pacto Historico),1,0,,,2.379,1.882,2.875,1,11.016,-7.252,3.187,2.564,7.496,13.898,3.618,4.812,-5.442,-0.993,1
Ecuador,1984,1,DP (Hurtado),Febres Cordero (PSC),1,0,,,1.921,-0.473,4.314,1,-2.072,1.126,4.065,4.563,4.084,,,,,-4.787,1
Ecuador,1988,1,PSC (Febres Cordero),Borja (ID),1,0,,,1.251,-1.661,4.164,1,-6.267,2.945,4.244,4.084,10.687,,,,,-5.825,1
Ecuador,1992,5,ID (Borja),Duran Ballen (PUR),1,0,,,4.903,4.376,5.430,0,5.835,2.917,0.174,10.687,4.328,4.371,,,,-1.055,1
Ecuador,1996,5,PUR (Duran Ballen),Bucaram (PRE),1,0,,,3.748,3.970,3.526,0,2.962,4.977,2.724,4.328,2.440,4.408,0.005,0.037,0.013,0.444,0
Ecuador,1998,5,FRA (Alarcon),Mahuad (DP),1,0,interino,Alarcon interino tras destitucion de Bucaram,3.857,3.745,3.970,0,5.050,2.440,2.962,4.977,3.983,4.424,0.016,0.021,-0.033,-0.225,1
Ecuador,2002,10,DP (G. Noboa),Gutierrez (PSP),1,0,interino,Noboa asumio tras la caida de Mahuad,1.611,3.270,-0.048,0,4.747,1.793,-4.078,3.983,4.823,4.252,-0.404,-0.172,0.025,3.318,0
Ecuador,2006,10,Independiente (Palacio),Correa (Alianza PAIS),1,0,interino,Palacio asumio tras la caida de Gutierrez,5.809,7.491,4.127,0,6.020,8.962,3.430,4.823,5.127,3.779,-1.883,-0.473,-1.452,3.364,0
Ecuador,2009,4,Alianza PAIS (Correa),Correa (Alianza PAIS),0,1,,,5.281,4.988,5.574,0,7.080,2.896,5.127,6.020,1.267,3.917,0.367,-1.085,1.466,-0.586,1
Ecuador,2013,2,Alianza PAIS (Correa),Correa (Alianza PAIS),0,1,,,4.940,7.129,2.751,0,5.642,8.616,4.235,1.267,4.947,3.235,-0.853,-0.682,-0.375,4.378,0
Ecuador,2017,2,Alianza PAIS (Correa),Moreno (Alianza PAIS),0,0,,,1.902,-0.564,4.368,1,-1.226,0.099,3.789,4.947,2.368,4.597,1.117,1.362,0.220,-4.932,1
Ecuador,2021,2,Alianza PAIS (Moreno),Lasso (CREO),1,0,,,-1.030,-3.888,1.829,1,-7.788,0.012,1.289,2.368,4.235,6.116,2.586,1.519,0.692,-5.717,1
Ecuador,2023,8,CREO (Lasso),D. Noboa (ADN),1,0,anticipada,Eleccion anticipada por muerte cruzada,-0.126,3.637,-3.888,0,3.039,4.235,-7.788,0.012,2.400,3.713,-2.403,0.183,-0.994,7.525,0
Ecuador,2025,2,ADN (D. Noboa),D. Noboa (ADN),0,1,,,1.918,0.200,3.637,1,-2.000,2.400,3.039,4.235,,3.453,-0.260,-2.663,-0.202,-3.437,1
Paraguay,1993,5,Colorado (Rodriguez),Wasmosy (Colorado),0,0,,,3.432,2.452,4.411,0,2.115,2.789,3.067,5.755,4.485,4.980,,,-0.040,-1.959,1
Paraguay,1998,5,Colorado (Wasmosy),Cubas (Colorado),0,0,,,3.314,2.015,4.614,0,3.286,0.743,5.785,3.443,0.869,5.360,1.960,0.300,-3.733,-2.599,1
Paraguay,2003,4,Colorado (Gonzalez Macchi),Duarte Frutos (Colorado),0,0,,,-0.449,1.193,-2.090,0,0.000,2.386,-3.026,-1.155,4.644,9.393,1.783,4.976,0.608,3.283,0
Paraguay,2008,4,Colorado (Duarte Frutos),Lugo (APC),1,0,,,4.435,5.442,3.429,0,5.755,5.129,2.465,4.393,6.711,4.713,-0.112,-2.101,-0.862,2.013,0
Paraguay,2013,4,PLRA (Franco),Cartes (Colorado),1,0,interino,Franco asumio tras el juicio politico a Lugo,3.442,1.987,4.897,1,-0.708,4.681,13.460,-3.666,8.293,4.085,-0.484,-0.330,-0.285,-2.911,1
Paraguay,2018,4,Colorado (Cartes),Abdo (Colorado),0,0,,,4.334,4.539,4.129,0,4.810,4.268,2.957,5.301,3.204,6.138,1.582,1.753,0.962,0.410,0
Paraguay,2023,4,Colorado (Abdo),Pena (Colorado),0,0,,,0.749,2.108,-0.611,0,0.200,4.017,-0.820,-0.402,5.000,6.755,-0.793,0.538,-1.517,2.719,0
Peru,1985,4,AP (Belaunde),Garcia (APRA),1,0,,,-1.042,-4.425,2.341,1,4.580,-13.430,0.122,4.560,1.953,,,,,-6.767,1
Peru,1990,4,APRA (Garcia),Fujimori (Cambio 90),1,0,,,-0.497,-10.235,9.240,1,-12.213,-8.257,8.506,9.975,-5.101,,,,,-19.475,1
Peru,1995,4,Cambio 90 (Fujimori),Fujimori,0,1,,Posterior al autogolpe de 1992,5.940,8.581,3.298,0,12.362,4.800,1.869,4.728,7.559,4.491,-0.577,,-0.087,5.283,0
Peru,2001,4,AP (Paniagua),Toledo (Peru Posible),1,0,interino,Gobierno de transicion tras la caida de Fujimori,2.932,2.523,3.342,0,3.155,1.890,-0.083,6.766,1.123,4.959,-0.140,0.030,0.057,-0.819,1
Peru,2006,4,Peru Posible (Toledo),Garcia (APRA),1,0,,,5.899,6.339,5.460,0,6.967,5.711,4.838,6.081,8.126,4.870,0.720,-0.198,-0.540,0.879,0
Peru,2011,4,APRA (Garcia),Humala (Gana Peru),1,0,,,6.901,4.548,9.255,0,8.233,0.863,9.364,9.146,6.233,3.600,-0.430,-0.570,-0.483,-4.707,1
Peru,2016,4,Gana Peru (Humala),Kuczynski (PPK),1,0,,,4.407,2.817,5.996,0,3.252,2.382,5.853,6.140,3.953,3.272,-0.303,-0.205,0.533,-3.179,1
Peru,2021,4,Partido Morado (Sagasti),Castillo (Peru Libre),1,0,interino,Sagasti designado por el Congreso tras la vacancia de Vizcarra,-0.571,-4.391,3.248,1,-11.014,2.233,3.977,2.519,13.551,7.179,3.687,3.438,1.718,-7.639,1
Uruguay,1989,11,Colorado (Sanguinetti),Lacalle (Nacional),1,0,,,4.472,3.906,5.037,0,0.145,7.667,8.850,1.225,1.133,,,,,-1.131,1
Uruguay,1994,11,Nacional (Lacalle),Sanguinetti (Colorado),1,0,,,3.499,5.051,1.948,0,2.452,7.649,3.183,0.712,7.034,8.350,-0.600,,0.080,3.103,0
Uruguay,1999,10,Colorado (Sanguinetti),Batlle (Colorado),0,0,,,3.241,4.716,1.765,0,4.405,5.027,5.162,-1.631,-2.512,9.362,-2.568,0.322,-0.974,2.951,0
Uruguay,2004,10,Colorado (Batlle),Vazquez (Frente Amplio),1,0,,,-3.413,-3.811,-3.015,1,0.624,-8.245,-4.153,-1.877,4.767,16.661,1.609,6.195,-3.668,-0.796,1
Uruguay,2009,10,Frente Amplio (Vazquez),Mujica (Frente Amplio),0,0,,,5.840,6.290,5.390,0,6.642,5.938,3.858,6.921,2.082,8.025,-2.819,-4.955,-1.663,0.900,0
Uruguay,2014,10,Frente Amplio (Mujica),Vazquez (Frente Amplio),0,0,,,5.481,4.088,6.874,0,4.638,3.538,5.097,8.652,3.239,6.444,0.137,-1.296,0.096,-2.786,1
Uruguay,2019,10,Frente Amplio (Vazquez),Lacalle Pou (Nacional),1,0,,,1.042,1.053,1.031,0,0.478,1.628,1.690,0.371,0.350,8.336,0.495,1.789,0.946,0.022,0
Uruguay,2024,10,Coalicion - Nacional (Lacalle Pou),Orsi (Frente Amplio),1,0,,,0.968,2.793,-0.857,0,0.700,4.886,4.402,-6.115,3.100,8.355,-0.973,-0.481,0.332,3.650,0
Venezuela,1983,12,Copei (Herrera Campins),Lusinchi (AD),1,0,,,-0.260,0.137,-0.656,1,0.858,-0.585,-2.318,1.006,-5.497,,,,,0.793,0
Venezuela,1988,12,AD (Lusinchi),C. A. Perez (AD),0,0,,,2.238,4.939,-0.464,0,3.495,6.384,0.267,-1.194,5.886,,,,,5.403,0
Venezuela,1993,12,AD (Velasquez),Caldera (Convergencia),1,0,interino,Velasquez interino tras la destitucion de Perez,3.707,8.441,-1.027,0,6.707,10.174,6.545,-8.600,0.734,7.690,,,-2.850,9.468,0
Venezuela,1998,12,Convergencia (Caldera),Chavez (MVR),1,0,,,2.415,3.571,1.259,0,6.827,0.314,4.342,-1.825,0.818,11.160,0.920,4.560,-0.620,2.312,0
Venezuela,2000,7,MVR (Chavez),Chavez (MVR),0,1,anticipada,Relegitimacion tras la nueva Constitucion,0.600,-2.371,3.571,1,-5.560,0.818,6.827,0.314,4.185,14.530,3.370,4.290,2.840,-5.941,1
Venezuela,2006,12,MVR (Chavez),Chavez (MVR),0,1,,,3.468,14.815,-7.878,0,10.757,18.873,-7.220,-8.537,10.509,10.663,-6.117,-2.377,-6.464,22.693,0
Venezuela,2012,10,PSUV (Chavez),Chavez (PSUV),0,1,,,2.178,2.968,1.387,0,5.255,0.682,-2.853,5.627,5.626,6.902,0.805,-0.377,-0.511,1.581,0
Venezuela,2013,4,PSUV (Maduro),Maduro (PSUV),0,1,anticipada,Eleccion anticipada por muerte de Chavez,2.177,5.440,-1.085,0,5.626,5.255,0.682,-2.853,1.343,6.601,-0.511,0.356,0.638,6.526,0
