pais,anio,desempleo
Argentina,1991,5.440
Argentina,1992,6.360
Argentina,1993,10.100
Argentina,1994,11.760
Argentina,1995,18.800
Argentina,1996,17.110
Argentina,1997,14.820
Argentina,1998,12.650
Argentina,1999,14.050
Argentina,2000,15.000
Argentina,2001,17.320
Argentina,2002,19.590
Argentina,2003,15.360
Argentina,2004,13.522
Argentina,2005,11.506
Argentina,2006,10.078
Argentina,2007,8.470
Argentina,2008,7.837
Argentina,2009,8.645
Argentina,2010,7.714
Argentina,2011,7.180
Argentina,2012,7.217
Argentina,2013,7.100
Argentina,2014,7.268
Argentina,2015,7.577
Argentina,2016,8.088
Argentina,2017,8.347
Argentina,2018,9.220
Argentina,2019,9.843
Argentina,2020,11.461
Argentina,2021,8.736
Argentina,2022,6.805
Argentina,2023,6.139
Argentina,2024,7.150
Argentina,2025,7.145
Bolivia,1991,2.935
Bolivia,1992,3.030
Bolivia,1993,3.050
Bolivia,1994,3.080
Bolivia,1995,2.664
Bolivia,1996,2.375
Bolivia,1997,2.080
Bolivia,1998,2.121
Bolivia,1999,2.299
Bolivia,2000,2.439
Bolivia,2001,2.623
Bolivia,2002,2.603
Bolivia,2003,2.654
Bolivia,2004,2.615
Bolivia,2005,2.598
Bolivia,2006,2.575
Bolivia,2007,2.614
Bolivia,2008,2.603
Bolivia,2009,2.973
Bolivia,2010,2.609
Bolivia,2011,2.255
Bolivia,2012,2.066
Bolivia,2013,2.437
Bolivia,2014,2.021
Bolivia,2015,3.111
Bolivia,2016,3.498
Bolivia,2017,3.655
Bolivia,2018,3.519
Bolivia,2019,3.682
Bolivia,2020,7.903
Bolivia,2021,5.089
Bolivia,2022,3.552
Bolivia,2023,3.024
Bolivia,2024,3.274
Bolivia,2025,2.967
Brasil,1991,6.887
Brasil,1992,7.086
Brasil,1993,6.030
Brasil,1994,6.579
Brasil,1995,7.092
Brasil,1996,8.035
Brasil,1997,9.003
Brasil,1998,10.150
Brasil,1999,11.125
Brasil,2000,10.889
Brasil,2001,10.649
Brasil,2002,10.641
Brasil,2003,11.168
Brasil,2004,10.072
Brasil,2005,10.551
Brasil,2006,9.692
Brasil,2007,9.280
Brasil,2008,8.268
Brasil,2009,9.419
Brasil,2010,8.420
Brasil,2011,7.578
Brasil,2012,7.251
Brasil,2013,7.071
Brasil,2014,6.755
Brasil,2015,8.538
Brasil,2016,11.580
Brasil,2017,12.792
Brasil,2018,12.329
Brasil,2019,11.936
Brasil,2020,13.697
Brasil,2021,13.158
Brasil,2022,9.231
Brasil,2023,7.947
Brasil,2024,6.801
Brasil,2025,5.970
Chile,1991,5.230
Chile,1992,4.350
Chile,1993,4.490
Chile,1994,5.870
Chile,1995,4.700
Chile,1996,7.414
Chile,1997,7.136
Chile,1998,7.307
Chile,1999,11.158
Chile,2000,10.491
Chile,2001,10.390
Chile,2002,10.168
Chile,2003,9.765
Chile,2004,10.162
Chile,2005,9.340
Chile,2006,9.024
Chile,2007,8.427
Chile,2008,9.285
Chile,2009,11.313
Chile,2010,8.547
Chile,2011,7.492
Chile,2012,6.790
Chile,2013,6.361
Chile,2014,6.761
Chile,2015,6.605
Chile,2016,6.926
Chile,2017,7.257
Chile,2018,7.623
Chile,2019,7.493
Chile,2020,10.934
Chile,2021,9.281
Chile,2022,8.249
Chile,2023,9.013
Chile,2024,8.718
Chile,2025,8.974
Colombia,1991,10.120
Colombia,1992,9.440
Colombia,1993,7.800
Colombia,1994,8.250
Colombia,1995,8.720
Colombia,1996,11.810
Colombia,1997,12.140
Colombia,1998,15.000
Colombia,1999,20.060
Colombia,2000,20.520
Colombia,2001,15.040
Colombia,2002,14.481
Colombia,2003,13.221
Colombia,2004,13.717
Colombia,2005,11.062
Colombia,2006,11.088
Colombia,2007,11.204
Colombia,2008,11.273
Colombia,2009,12.066
Colombia,2010,11.153
Colombia,2011,10.288
Colombia,2012,9.959
Colombia,2013,9.246
Colombia,2014,8.799
Colombia,2015,8.572
Colombia,2016,8.922
Colombia,2017,9.086
Colombia,2018,9.360
Colombia,2019,10.280
Colombia,2020,15.983
Colombia,2021,13.898
Colombia,2022,10.541
Colombia,2023,9.591
Colombia,2024,9.619
Colombia,2025,8.290
Ecuador,1991,4.371
Ecuador,1992,4.333
Ecuador,1993,4.403
Ecuador,1994,4.409
Ecuador,1995,4.408
Ecuador,1996,4.422
Ecuador,1997,4.424
Ecuador,1998,4.389
Ecuador,1999,4.656
Ecuador,2000,4.800
Ecuador,2001,4.252
Ecuador,2002,4.825
Ecuador,2003,5.662
Ecuador,2004,5.002
Ecuador,2005,3.779
Ecuador,2006,3.550
Ecuador,2007,3.142
Ecuador,2008,3.917
Ecuador,2009,4.608
Ecuador,2010,4.088
Ecuador,2011,3.458
Ecuador,2012,3.235
Ecuador,2013,3.083
Ecuador,2014,3.480
Ecuador,2015,3.616
Ecuador,2016,4.597
Ecuador,2017,3.836
Ecuador,2018,3.530
Ecuador,2019,3.812
Ecuador,2020,6.116
Ecuador,2021,4.504
Ecuador,2022,3.713
Ecuador,2023,3.510
Ecuador,2024,3.453
Ecuador,2025,3.308
Paraguay,1991,5.100
Paraguay,1992,4.980
Paraguay,1993,5.060
Paraguay,1994,4.410
Paraguay,1995,3.400
Paraguay,1996,8.150
Paraguay,1997,5.360
Paraguay,1998,4.417
Paraguay,1999,5.343
Paraguay,2000,7.610
Paraguay,2001,6.206
Paraguay,2002,9.393
Paraguay,2003,6.814
Paraguay,2004,6.513
Paraguay,2005,4.825
Paraguay,2006,5.277
Paraguay,2007,4.713
Paraguay,2008,4.415
Paraguay,2009,5.460
Paraguay,2010,4.569
Paraguay,2011,4.670
Paraguay,2012,4.085
Paraguay,2013,4.385
Paraguay,2014,5.034
Paraguay,2015,4.556
Paraguay,2016,5.255
Paraguay,2017,6.138
Paraguay,2018,6.217
Paraguay,2019,6.595
Paraguay,2020,7.548
Paraguay,2021,7.311
Paraguay,2022,6.755
Paraguay,2023,5.794
Paraguay,2024,5.686
Paraguay,2025,4.803
Peru,1991,4.926
Peru,1992,5.068
Peru,1993,4.795
Peru,1994,4.491
Peru,1995,4.708
Peru,1996,4.929
Peru,1997,4.762
Peru,1998,5.099
Peru,1999,5.011
Peru,2000,4.959
Peru,2001,5.068
Peru,2002,4.840
Peru,2003,4.150
Peru,2004,4.710
Peru,2005,4.870
Peru,2006,4.170
Peru,2007,4.080
Peru,2008,4.030
Peru,2009,3.960
Peru,2010,3.600
Peru,2011,3.477
Peru,2012,3.238
Peru,2013,3.575
Peru,2014,3.208
Peru,2015,3.272
Peru,2016,3.741
Peru,2017,3.691
Peru,2018,3.492
Peru,2019,3.379
Peru,2020,7.179
Peru,2021,5.097
Peru,2022,4.291
Peru,2023,4.899
Peru,2024,5.199
Peru,2025,5.117
Uruguay,1991,8.950
Uruguay,1992,8.960
Uruguay,1993,8.350
Uruguay,1994,9.040
Uruguay,1995,10.020
Uruguay,1996,11.930
Uruguay,1997,11.440
Uruguay,1998,9.362
Uruguay,1999,10.466
Uruguay,2000,12.627
Uruguay,2001,15.052
Uruguay,2002,16.648
Uruguay,2003,16.661
Uruguay,2004,12.980
Uruguay,2005,12.009
Uruguay,2006,10.844
Uruguay,2007,9.403
Uruguay,2008,8.025
Uruguay,2009,7.740
Uruguay,2010,7.158
Uruguay,2011,6.307
Uruguay,2012,6.451
Uruguay,2013,6.444
Uruguay,2014,6.547
Uruguay,2015,7.488
Uruguay,2016,7.841
Uruguay,2017,7.890
Uruguay,2018,8.336
Uruguay,2019,8.836
Uruguay,2020,10.413
Uruguay,2021,9.328
Uruguay,2022,7.877
Uruguay,2023,8.355
Uruguay,2024,8.209
Uruguay,2025,7.516
Venezuela,1991,9.450
Venezuela,1992,7.690
Venezuela,1993,6.600
Venezuela,1994,8.560
Venezuela,1995,10.240
Venezuela,1996,11.770
Venezuela,1997,11.160
Venezuela,1998,11.150
Venezuela,1999,14.530
Venezuela,2000,13.990
Venezuela,2001,13.040
Venezuela,2002,16.170
Venezuela,2003,16.780
Venezuela,2004,15.070
Venezuela,2005,10.663
Venezuela,2006,8.606
Venezuela,2007,7.279
Venezuela,2008,6.245
Venezuela,2009,6.097
Venezuela,2010,7.112
Venezuela,2011,6.902
Venezuela,2012,6.601
Venezuela,2013,7.540
Venezuela,2014,6.821
Venezuela,2015,6.139
Venezuela,2016,5.319
Venezuela,2017,5.045
Venezuela,2018,5.468
Venezuela,2019,5.890
Venezuela,2020,7.530
Venezuela,2021,7.027
Venezuela,2022,5.646
Venezuela,2023,5.407
Venezuela,2024,5.321
Venezuela,2025,5.307
