pais,anio,crecimiento
Argentina,1961,5.428
Argentina,1962,-0.852
Argentina,1963,-5.308
Argentina,1964,10.130
Argentina,1965,10.569
Argentina,1966,-0.660
Argentina,1967,3.192
Argentina,1968,4.823
Argentina,1969,9.680
Argentina,1970,3.046
Argentina,1971,5.658
Argentina,1972,1.628
Argentina,1973,2.812
Argentina,1974,5.534
Argentina,1975,-0.028
Argentina,1976,-2.018
Argentina,1977,6.934
Argentina,1978,-4.506
Argentina,1979,10.223
Argentina,1980,1.519
Argentina,1981,-5.190
Argentina,1982,-0.736
Argentina,1983,4.349
Argentina,1984,1.571
Argentina,1985,-5.189
Argentina,1986,6.153
Argentina,1987,2.705
Argentina,1988,-1.090
Argentina,1989,-7.157
Argentina,1990,-2.467
Argentina,1991,9.133
Argentina,1992,7.937
Argentina,1993,8.207
Argentina,1994,5.836
Argentina,1995,-2.845
Argentina,1996,5.527
Argentina,1997,8.111
Argentina,1998,3.850
Argentina,1999,-3.385
Argentina,2000,-0.789
Argentina,2001,-4.409
Argentina,2002,-10.894
Argentina,2003,8.837
Argentina,2004,9.030
Argentina,2005,8.852
Argentina,2006,8.047
Argentina,2007,9.008
Argentina,2008,4.057
Argentina,2009,-5.919
Argentina,2010,10.125
Argentina,2011,6.004
Argentina,2012,-1.026
Argentina,2013,2.405
Argentina,2014,-2.513
Argentina,2015,2.731
Argentina,2016,-2.080
Argentina,2017,2.819
Argentina,2018,-2.617
Argentina,2019,-2.001
Argentina,2020,-9.900
Argentina,2021,10.442
Argentina,2022,6.021
Argentina,2023,-1.856
Argentina,2024,-1.343
Argentina,2025,4.367
Bolivia,1961,2.089
Bolivia,1962,5.579
Bolivia,1963,6.798
Bolivia,1964,3.957
Bolivia,1965,4.913
Bolivia,1966,7.171
Bolivia,1967,6.317
Bolivia,1968,8.529
Bolivia,1969,4.474
Bolivia,1970,5.231
Bolivia,1971,5.063
Bolivia,1972,7.967
Bolivia,1973,5.739
Bolivia,1974,2.940
Bolivia,1975,7.311
Bolivia,1976,4.615
Bolivia,1977,4.971
Bolivia,1978,2.053
Bolivia,1979,0.133
Bolivia,1980,-1.372
Bolivia,1981,0.276
Bolivia,1982,-3.939
Bolivia,1983,-4.042
Bolivia,1984,-0.201
Bolivia,1985,-1.676
Bolivia,1986,-2.574
Bolivia,1987,2.463
Bolivia,1988,2.909
Bolivia,1989,3.790
Bolivia,1990,4.636
Bolivia,1991,5.267
Bolivia,1992,1.646
Bolivia,1993,4.269
Bolivia,1994,4.667
Bolivia,1995,4.678
Bolivia,1996,4.361
Bolivia,1997,4.954
Bolivia,1998,5.029
Bolivia,1999,0.427
Bolivia,2000,2.508
Bolivia,2001,1.684
Bolivia,2002,2.486
Bolivia,2003,2.711
Bolivia,2004,4.173
Bolivia,2005,4.421
Bolivia,2006,4.797
Bolivia,2007,4.564
Bolivia,2008,6.148
Bolivia,2009,3.357
Bolivia,2010,4.127
Bolivia,2011,5.204
Bolivia,2012,5.122
Bolivia,2013,6.796
Bolivia,2014,5.461
Bolivia,2015,4.857
Bolivia,2016,4.264
Bolivia,2017,4.195
Bolivia,2018,2.868
Bolivia,2019,1.507
Bolivia,2020,-12.719
Bolivia,2021,10.029
Bolivia,2022,3.747
Bolivia,2023,2.516
Bolivia,2024,-1.123
Bolivia,2025,-1.582
Brasil,1961,8.600
Brasil,1962,6.600
Brasil,1963,0.600
Brasil,1964,3.400
Brasil,1965,2.400
Brasil,1966,6.700
Brasil,1967,4.200
Brasil,1968,9.800
Brasil,1969,9.500
Brasil,1970,10.400
Brasil,1971,11.343
Brasil,1972,11.940
Brasil,1973,13.969
Brasil,1974,8.154
Brasil,1975,5.167
Brasil,1976,10.257
Brasil,1977,4.934
Brasil,1978,4.970
Brasil,1979,6.760
Brasil,1980,9.200
Brasil,1981,-4.250
Brasil,1982,0.830
Brasil,1983,-2.930
Brasil,1984,5.400
Brasil,1985,7.850
Brasil,1986,7.490
Brasil,1987,3.530
Brasil,1988,-0.060
Brasil,1989,3.160
Brasil,1990,-4.350
Brasil,1991,1.032
Brasil,1992,-0.544
Brasil,1993,4.925
Brasil,1994,5.853
Brasil,1995,4.224
Brasil,1996,2.209
Brasil,1997,3.395
Brasil,1998,0.338
Brasil,1999,0.468
Brasil,2000,4.388
Brasil,2001,1.390
Brasil,2002,3.053
Brasil,2003,1.141
Brasil,2004,5.760
Brasil,2005,3.202
Brasil,2006,3.962
Brasil,2007,6.070
Brasil,2008,5.094
Brasil,2009,-0.126
Brasil,2010,7.528
Brasil,2011,3.974
Brasil,2012,1.921
Brasil,2013,3.005
Brasil,2014,0.504
Brasil,2015,-3.546
Brasil,2016,-3.276
Brasil,2017,1.323
Brasil,2018,1.784
Brasil,2019,1.221
Brasil,2020,-3.277
Brasil,2021,4.763
Brasil,2022,3.017
Brasil,2023,3.242
Brasil,2024,3.419
Brasil,2025,2.286
Chile,1961,5.520
Chile,1962,3.931
Chile,1963,5.687
Chile,1964,2.461
Chile,1965,0.671
Chile,1966,11.463
Chile,1967,3.588
Chile,1968,3.574
Chile,1969,4.103
Chile,1970,1.694
Chile,1971,9.571
Chile,1972,-0.712
Chile,1973,-5.038
Chile,1974,1.250
Chile,1975,-12.274
Chile,1976,3.605
Chile,1977,11.149
Chile,1978,8.027
Chile,1979,8.436
Chile,1980,8.172
Chile,1981,6.719
Chile,1982,-11.502
Chile,1983,-4.935
Chile,1984,3.984
Chile,1985,3.552
Chile,1986,5.406
Chile,1987,6.739
Chile,1988,7.351
Chile,1989,10.358
Chile,1990,3.599
Chile,1991,7.756
Chile,1992,11.502
Chile,1993,6.686
Chile,1994,5.077
Chile,1995,9.255
Chile,1996,7.115
Chile,1997,7.392
Chile,1998,4.181
Chile,1999,-0.274
Chile,2000,4.972
Chile,2001,3.154
Chile,2002,3.203
Chile,2003,4.723
Chile,2004,6.674
Chile,2005,5.837
Chile,2006,6.050
Chile,2007,5.168
Chile,2008,3.789
Chile,2009,-1.118
Chile,2010,5.852
Chile,2011,6.224
Chile,2012,6.155
Chile,2013,3.309
Chile,2014,1.793
Chile,2015,2.152
Chile,2016,1.753
Chile,2017,1.358
Chile,2018,3.990
Chile,2019,0.644
Chile,2020,-6.140
Chile,2021,11.337
Chile,2022,2.064
Chile,2023,0.677
Chile,2024,2.805
Chile,2025,2.459
Colombia,1961,5.089
Colombia,1962,5.412
Colombia,1963,3.287
Colombia,1964,6.167
Colombia,1965,3.600
Colombia,1966,5.237
Colombia,1967,4.135
Colombia,1968,5.933
Colombia,1969,6.103
Colombia,1970,6.208
Colombia,1971,5.961
Colombia,1972,7.669
Colombia,1973,6.723
Colombia,1974,5.746
Colombia,1975,2.323
Colombia,1976,4.728
Colombia,1977,4.159
Colombia,1978,8.470
Colombia,1979,5.379
Colombia,1980,4.087
Colombia,1981,2.277
Colombia,1982,0.948
Colombia,1983,1.574
Colombia,1984,3.351
Colombia,1985,3.107
Colombia,1986,5.824
Colombia,1987,5.369
Colombia,1988,4.064
Colombia,1989,3.414
Colombia,1990,4.282
Colombia,1991,2.002
Colombia,1992,4.045
Colombia,1993,5.385
Colombia,1994,5.815
Colombia,1995,5.202
Colombia,1996,2.056
Colombia,1997,3.430
Colombia,1998,0.570
Colombia,1999,-4.204
Colombia,2000,2.925
Colombia,2001,1.678
Colombia,2002,2.504
Colombia,2003,3.918
Colombia,2004,5.333
Colombia,2005,4.829
Colombia,2006,6.717
Colombia,2007,6.738
Colombia,2008,3.283
Colombia,2009,1.140
Colombia,2010,4.495
Colombia,2011,6.948
Colombia,2012,3.913
Colombia,2013,5.134
Colombia,2014,4.499
Colombia,2015,2.956
Colombia,2016,2.087
Colombia,2017,1.359
Colombia,2018,2.564
Colombia,2019,3.187
Colombia,2020,-7.186
Colombia,2021,10.801
Colombia,2022,7.328
Colombia,2023,0.842
Colombia,2024,1.493
Colombia,2025,2.642
Ecuador,1961,5.124
Ecuador,1962,4.919
Ecuador,1963,2.106
Ecuador,1964,7.407
Ecuador,1965,3.275
Ecuador,1966,-0.340
Ecuador,1967,4.621
Ecuador,1968,1.909
Ecuador,1969,4.669
Ecuador,1970,6.872
Ecuador,1971,6.293
Ecuador,1972,5.018
Ecuador,1973,13.951
Ecuador,1974,11.209
Ecuador,1975,10.972
Ecuador,1976,7.397
Ecuador,1977,1.605
Ecuador,1978,5.707
Ecuador,1979,3.734
Ecuador,1980,3.709
Ecuador,1981,5.613
Ecuador,1982,0.615
Ecuador,1983,-0.337
Ecuador,1984,2.625
Ecuador,1985,3.935
Ecuador,1986,3.465
Ecuador,1987,-0.259
Ecuador,1988,5.890
Ecuador,1989,1.006
Ecuador,1990,3.680
Ecuador,1991,4.291
Ecuador,1992,2.114
Ecuador,1993,1.973
Ecuador,1994,4.258
Ecuador,1995,2.253
Ecuador,1996,1.732
Ecuador,1997,4.328
Ecuador,1998,3.267
Ecuador,1999,-4.739
Ecuador,2000,1.092
Ecuador,2001,4.206
Ecuador,2002,4.928
Ecuador,2003,2.885
Ecuador,2004,6.832
Ecuador,2005,5.399
Ecuador,2006,4.341
Ecuador,2007,1.902
Ecuador,2008,6.565
Ecuador,2009,1.091
Ecuador,2010,4.029
Ecuador,2011,8.481
Ecuador,2012,5.783
Ecuador,2013,7.211
Ecuador,2014,4.226
Ecuador,2015,0.120
Ecuador,2016,-0.688
Ecuador,2017,5.970
Ecuador,2018,1.044
Ecuador,2019,0.165
Ecuador,2020,-9.245
Ecuador,2021,9.422
Ecuador,2022,5.868
Ecuador,2023,1.833
Ecuador,2024,-1.944
Ecuador,2025,3.726
Paraguay,1961,6.900
Paraguay,1962,3.300
Paraguay,1963,4.710
Paraguay,1964,4.212
Paraguay,1965,6.168
Paraguay,1966,1.992
Paraguay,1967,9.150
Paraguay,1968,4.527
Paraguay,1969,4.701
Paraguay,1970,5.553
Paraguay,1971,5.538
Paraguay,1972,6.631
Paraguay,1973,7.303
Paraguay,1974,8.382
Paraguay,1975,6.852
Paraguay,1976,7.526
Paraguay,1977,11.494
Paraguay,1978,12.029
Paraguay,1979,11.862
Paraguay,1980,11.712
Paraguay,1981,9.170
Paraguay,1982,-1.398
Paraguay,1983,-3.043
Paraguay,1984,2.817
Paraguay,1985,4.523
Paraguay,1986,4.965
Paraguay,1987,7.582
Paraguay,1988,5.915
Paraguay,1989,6.935
Paraguay,1990,4.123
Paraguay,1991,3.494
Paraguay,1992,1.696
Paraguay,1993,4.936
Paraguay,1994,5.318
Paraguay,1995,6.823
Paraguay,1996,1.574
Paraguay,1997,4.243
Paraguay,1998,0.068
Paraguay,1999,-1.366
Paraguay,2000,-2.314
Paraguay,2001,-0.834
Paraguay,2002,-0.021
Paraguay,2003,4.321
Paraguay,2004,4.057
Paraguay,2005,2.133
Paraguay,2006,4.807
Paraguay,2007,5.422
Paraguay,2008,6.496
Paraguay,2009,-0.261
Paraguay,2010,11.095
Paraguay,2011,4.286
Paraguay,2012,-0.708
Paraguay,2013,8.293
Paraguay,2014,5.301
Paraguay,2015,2.957
Paraguay,2016,4.268
Paraguay,2017,4.810
Paraguay,2018,3.204
Paraguay,2019,-0.402
Paraguay,2020,-0.820
Paraguay,2021,3.995
Paraguay,2022,-0.028
Paraguay,2023,5.286
Paraguay,2024,4.669
Paraguay,2025,6.643
Peru,1961,7.347
Peru,1962,10.035
Peru,1963,4.328
Peru,1964,6.548
Peru,1965,5.622
Peru,1966,8.239
Peru,1967,3.853
Peru,1968,0.152
Peru,1969,3.514
Peru,1970,3.366
Peru,1971,4.591
Peru,1972,3.478
Peru,1973,6.277
Peru,1974,9.387
Peru,1975,4.301
Peru,1976,1.447
Peru,1977,0.349
Peru,1978,-2.643
Peru,1979,4.091
Peru,1980,5.943
Peru,1981,5.552
Peru,1982,-0.223
Peru,1983,-10.408
Peru,1984,3.608
Peru,1985,2.061
Peru,1986,9.426
Peru,1987,9.726
Peru,1988,-9.441
Peru,1989,-12.312
Peru,1990,-4.983
Peru,1991,2.219
Peru,1992,-0.541
Peru,1993,5.244
Peru,1994,12.308
Peru,1995,7.411
Peru,1996,2.799
Peru,1997,6.477
Peru,1998,-0.392
Peru,1999,1.495
Peru,2000,2.694
Peru,2001,0.618
Peru,2002,5.454
Peru,2003,4.165
Peru,2004,4.958
Peru,2005,6.285
Peru,2006,7.529
Peru,2007,8.518
Peru,2008,9.127
Peru,2009,1.096
Peru,2010,8.332
Peru,2011,6.327
Peru,2012,6.140
Peru,2013,5.853
Peru,2014,2.382
Peru,2015,3.252
Peru,2016,3.953
Peru,2017,2.519
Peru,2018,3.969
Peru,2019,2.241
Peru,2020,-10.933
Peru,2021,13.417
Peru,2022,2.818
Peru,2023,-0.351
Peru,2024,3.515
Peru,2025,3.431
Uruguay,1961,2.493
Uruguay,1962,-1.575
Uruguay,1963,0.170
Uruguay,1964,2.441
Uruguay,1965,1.046
Uruguay,1966,3.063
Uruguay,1967,-3.657
Uruguay,1968,1.889
Uruguay,1969,5.865
Uruguay,1970,2.333
Uruguay,1971,-0.252
Uruguay,1972,-1.320
Uruguay,1973,0.275
Uruguay,1974,2.895
Uruguay,1975,6.097
Uruguay,1976,3.935
Uruguay,1977,1.455
Uruguay,1978,5.374
Uruguay,1979,6.199
Uruguay,1980,5.843
Uruguay,1981,1.560
Uruguay,1982,-9.758
Uruguay,1983,-10.274
Uruguay,1984,-1.143
Uruguay,1985,1.467
Uruguay,1986,8.810
Uruguay,1987,7.993
Uruguay,1988,1.481
Uruguay,1989,1.104
Uruguay,1990,0.297
Uruguay,1991,3.539
Uruguay,1992,7.932
Uruguay,1993,2.658
Uruguay,1994,7.281
Uruguay,1995,-1.448
Uruguay,1996,5.578
Uruguay,1997,8.548
Uruguay,1998,4.519
Uruguay,1999,-1.521
Uruguay,2000,-1.930
Uruguay,2001,-3.844
Uruguay,2002,-7.732
Uruguay,2003,0.805
Uruguay,2004,5.004
Uruguay,2005,7.460
Uruguay,2006,4.099
Uruguay,2007,6.542
Uruguay,2008,7.176
Uruguay,2009,4.243
Uruguay,2010,7.803
Uruguay,2011,5.162
Uruguay,2012,3.538
Uruguay,2013,4.638
Uruguay,2014,3.239
Uruguay,2015,0.371
Uruguay,2016,1.690
Uruguay,2017,1.740
Uruguay,2018,0.165
Uruguay,2019,0.928
Uruguay,2020,-7.357
Uruguay,2021,5.844
Uruguay,2022,4.606
Uruguay,2023,0.762
Uruguay,2024,3.326
Uruguay,2025,1.785
Venezuela,1961,3.193
Venezuela,1962,8.533
Venezuela,1963,3.901
Venezuela,1964,11.129
Venezuela,1965,4.163
Venezuela,1966,1.510
Venezuela,1967,2.834
Venezuela,1968,7.337
Venezuela,1969,0.706
Venezuela,1970,7.712
Venezuela,1971,1.479
Venezuela,1972,1.283
Venezuela,1973,7.110
Venezuela,1974,2.069
Venezuela,1975,2.896
Venezuela,1976,7.728
Venezuela,1977,6.271
Venezuela,1978,2.347
Venezuela,1979,0.764
Venezuela,1980,-4.421
Venezuela,1981,-1.262
Venezuela,1982,2.556
Venezuela,1983,-9.657
Venezuela,1984,5.172
Venezuela,1985,0.656
Venezuela,1986,6.189
Venezuela,1987,4.908
Venezuela,1988,6.433
Venezuela,1989,-14.011
Venezuela,1990,6.709
Venezuela,1991,9.581
Venezuela,1992,6.011
Venezuela,1993,0.258
Venezuela,1994,-2.314
Venezuela,1995,3.947
Venezuela,1996,-0.253
Venezuela,1997,6.345
Venezuela,1998,0.477
Venezuela,1999,-5.938
Venezuela,2000,3.535
Venezuela,2001,3.415
Venezuela,2002,-8.726
Venezuela,2003,-7.752
Venezuela,2004,18.207
Venezuela,2005,10.190
Venezuela,2006,9.892
Venezuela,2007,8.806
Venezuela,2008,5.216
Venezuela,2009,-3.077
Venezuela,2010,-1.587
Venezuela,2011,4.122
Venezuela,2012,5.680
Venezuela,2013,1.303
Venezuela,2014,-3.859
Venezuela,2015,-6.187
Venezuela,2016,-17.112
Venezuela,2017,-15.699
Venezuela,2018,-19.643
Venezuela,2019,-27.619
Venezuela,2020,-29.825
Venezuela,2021,0.625
Venezuela,2022,8.075
Venezuela,2023,4.023
Venezuela,2024,5.525
Venezuela,2025,1.571
