pais,anio,corrupcion_ejec
Colombia,1975,0.454
Colombia,1976,0.454
Colombia,1977,0.454
Colombia,1978,0.454
Colombia,1979,0.454
Colombia,1980,0.454
Colombia,1981,0.454
Colombia,1982,0.454
Colombia,1983,0.454
Colombia,1984,0.454
Colombia,1985,0.454
Colombia,1986,0.454
Colombia,1987,0.454
Colombia,1988,0.454
Colombia,1989,0.454
Colombia,1990,0.454
Colombia,1991,0.454
Colombia,1992,0.351
Colombia,1993,0.351
Colombia,1994,0.351
Colombia,1995,0.351
Colombia,1996,0.351
Colombia,1997,0.351
Colombia,1998,0.351
Colombia,1999,0.351
Colombia,2000,0.351
Colombia,2001,0.351
Colombia,2002,0.351
Colombia,2003,0.351
Colombia,2004,0.351
Colombia,2005,0.351
Colombia,2006,0.351
Colombia,2007,0.369
Colombia,2008,0.369
Colombia,2009,0.369
Colombia,2010,0.323
Colombia,2011,0.280
Colombia,2012,0.280
Colombia,2013,0.280
Colombia,2014,0.280
Colombia,2015,0.280
Colombia,2016,0.280
Colombia,2017,0.305
Colombia,2018,0.305
Colombia,2019,0.286
Colombia,2020,0.296
Colombia,2021,0.307
Colombia,2022,0.307
Colombia,2023,0.307
Colombia,2024,0.307
Colombia,2025,0.307
Brasil,1975,0.630
Brasil,1976,0.630
Brasil,1977,0.630
Brasil,1978,0.630
Brasil,1979,0.630
Brasil,1980,0.630
Brasil,1981,0.630
Brasil,1982,0.630
Brasil,1983,0.630
Brasil,1984,0.630
Brasil,1985,0.630
Brasil,1986,0.590
Brasil,1987,0.590
Brasil,1988,0.621
Brasil,1989,0.662
Brasil,1990,0.648
Brasil,1991,0.648
Brasil,1992,0.648
Brasil,1993,0.547
Brasil,1994,0.497
Brasil,1995,0.497
Brasil,1996,0.497
Brasil,1997,0.497
Brasil,1998,0.497
Brasil,1999,0.497
Brasil,2000,0.497
Brasil,2001,0.497
Brasil,2002,0.537
Brasil,2003,0.537
Brasil,2004,0.537
Brasil,2005,0.579
Brasil,2006,0.578
Brasil,2007,0.578
Brasil,2008,0.578
Brasil,2009,0.578
Brasil,2010,0.578
Brasil,2011,0.574
Brasil,2012,0.574
Brasil,2013,0.574
Brasil,2014,0.574
Brasil,2015,0.574
Brasil,2016,0.637
Brasil,2017,0.638
Brasil,2018,0.638
Brasil,2019,0.707
Brasil,2020,0.700
Brasil,2021,0.740
Brasil,2022,0.759
Brasil,2023,0.561
Brasil,2024,0.473
Brasil,2025,0.349
Bolivia,1975,0.773
Bolivia,1976,0.773
Bolivia,1977,0.773
Bolivia,1978,0.773
Bolivia,1979,0.759
Bolivia,1980,0.759
Bolivia,1981,0.834
Bolivia,1982,0.785
Bolivia,1983,0.728
Bolivia,1984,0.673
Bolivia,1985,0.673
Bolivia,1986,0.677
Bolivia,1987,0.609
Bolivia,1988,0.609
Bolivia,1989,0.609
Bolivia,1990,0.618
Bolivia,1991,0.618
Bolivia,1992,0.618
Bolivia,1993,0.618
Bolivia,1994,0.609
Bolivia,1995,0.609
Bolivia,1996,0.609
Bolivia,1997,0.609
Bolivia,1998,0.609
Bolivia,1999,0.609
Bolivia,2000,0.609
Bolivia,2001,0.609
Bolivia,2002,0.609
Bolivia,2003,0.609
Bolivia,2004,0.579
Bolivia,2005,0.587
Bolivia,2006,0.670
Bolivia,2007,0.670
Bolivia,2008,0.670
Bolivia,2009,0.670
Bolivia,2010,0.682
Bolivia,2011,0.682
Bolivia,2012,0.682
Bolivia,2013,0.643
Bolivia,2014,0.651
Bolivia,2015,0.668
Bolivia,2016,0.668
Bolivia,2017,0.663
Bolivia,2018,0.663
Bolivia,2019,0.662
Bolivia,2020,0.621
Bolivia,2021,0.568
Bolivia,2022,0.707
Bolivia,2023,0.707
Bolivia,2024,0.734
Bolivia,2025,0.846
Peru,1975,0.336
Peru,1976,0.336
Peru,1977,0.336
Peru,1978,0.336
Peru,1979,0.336
Peru,1980,0.262
Peru,1981,0.262
Peru,1982,0.262
Peru,1983,0.262
Peru,1984,0.262
Peru,1985,0.398
Peru,1986,0.448
Peru,1987,0.448
Peru,1988,0.448
Peru,1989,0.448
Peru,1990,0.733
Peru,1991,0.733
Peru,1992,0.733
Peru,1993,0.769
Peru,1994,0.769
Peru,1995,0.769
Peru,1996,0.769
Peru,1997,0.769
Peru,1998,0.769
Peru,1999,0.769
Peru,2000,0.698
Peru,2001,0.152
Peru,2002,0.339
Peru,2003,0.339
Peru,2004,0.339
Peru,2005,0.339
Peru,2006,0.370
Peru,2007,0.370
Peru,2008,0.370
Peru,2009,0.370
Peru,2010,0.378
Peru,2011,0.266
Peru,2012,0.253
Peru,2013,0.297
Peru,2014,0.297
Peru,2015,0.297
Peru,2016,0.305
Peru,2017,0.269
Peru,2018,0.232
Peru,2019,0.251
Peru,2020,0.242
Peru,2021,0.208
Peru,2022,0.575
Peru,2023,0.390
Peru,2024,0.476
Peru,2025,0.508
Argentina,1975,0.741
Argentina,1976,0.815
Argentina,1977,0.815
Argentina,1978,0.815
Argentina,1979,0.815
Argentina,1980,0.815
Argentina,1981,0.815
Argentina,1982,0.815
Argentina,1983,0.199
Argentina,1984,0.118
Argentina,1985,0.118
Argentina,1986,0.118
Argentina,1987,0.118
Argentina,1988,0.118
Argentina,1989,0.533
Argentina,1990,0.815
Argentina,1991,0.815
Argentina,1992,0.815
Argentina,1993,0.815
Argentina,1994,0.815
Argentina,1995,0.815
Argentina,1996,0.815
Argentina,1997,0.815
Argentina,1998,0.815
Argentina,1999,0.815
Argentina,2000,0.347
Argentina,2001,0.347
Argentina,2002,0.583
Argentina,2003,0.682
Argentina,2004,0.682
Argentina,2005,0.682
Argentina,2006,0.682
Argentina,2007,0.682
Argentina,2008,0.682
Argentina,2009,0.682
Argentina,2010,0.682
Argentina,2011,0.682
Argentina,2012,0.682
Argentina,2013,0.695
Argentina,2014,0.695
Argentina,2015,0.618
Argentina,2016,0.391
Argentina,2017,0.391
Argentina,2018,0.392
Argentina,2019,0.399
Argentina,2020,0.566
Argentina,2021,0.566
Argentina,2022,0.566
Argentina,2023,0.566
Argentina,2024,0.324
Argentina,2025,0.432
Venezuela,1975,0.476
Venezuela,1976,0.476
Venezuela,1977,0.486
Venezuela,1978,0.486
Venezuela,1979,0.486
Venezuela,1980,0.486
Venezuela,1981,0.486
Venezuela,1982,0.486
Venezuela,1983,0.486
Venezuela,1984,0.486
Venezuela,1985,0.486
Venezuela,1986,0.486
Venezuela,1987,0.486
Venezuela,1988,0.486
Venezuela,1989,0.486
Venezuela,1990,0.486
Venezuela,1991,0.486
Venezuela,1992,0.486
Venezuela,1993,0.486
Venezuela,1994,0.486
Venezuela,1995,0.465
Venezuela,1996,0.465
Venezuela,1997,0.490
Venezuela,1998,0.490
Venezuela,1999,0.555
Venezuela,2000,0.859
Venezuela,2001,0.859
Venezuela,2002,0.885
Venezuela,2003,0.885
Venezuela,2004,0.885
Venezuela,2005,0.889
Venezuela,2006,0.889
Venezuela,2007,0.941
Venezuela,2008,0.925
Venezuela,2009,0.942
Venezuela,2010,0.953
Venezuela,2011,0.953
Venezuela,2012,0.953
Venezuela,2013,0.965
Venezuela,2014,0.965
Venezuela,2015,0.965
Venezuela,2016,0.970
Venezuela,2017,0.970
Venezuela,2018,0.970
Venezuela,2019,0.970
Venezuela,2020,0.979
Venezuela,2021,0.979
Venezuela,2022,0.979
Venezuela,2023,0.979
Venezuela,2024,0.979
Venezuela,2025,0.979
Chile,1975,0.454
Chile,1976,0.454
Chile,1977,0.454
Chile,1978,0.454
Chile,1979,0.454
Chile,1980,0.454
Chile,1981,0.454
Chile,1982,0.454
Chile,1983,0.454
Chile,1984,0.454
Chile,1985,0.454
Chile,1986,0.454
Chile,1987,0.454
Chile,1988,0.454
Chile,1989,0.454
Chile,1990,0.026
Chile,1991,0.026
Chile,1992,0.026
Chile,1993,0.026
Chile,1994,0.026
Chile,1995,0.026
Chile,1996,0.026
Chile,1997,0.026
Chile,1998,0.026
Chile,1999,0.026
Chile,2000,0.026
Chile,2001,0.026
Chile,2002,0.026
Chile,2003,0.026
Chile,2004,0.026
Chile,2005,0.026
Chile,2006,0.026
Chile,2007,0.026
Chile,2008,0.026
Chile,2009,0.026
Chile,2010,0.040
Chile,2011,0.040
Chile,2012,0.040
Chile,2013,0.057
Chile,2014,0.067
Chile,2015,0.094
Chile,2016,0.094
Chile,2017,0.094
Chile,2018,0.044
Chile,2019,0.040
Chile,2020,0.040
Chile,2021,0.044
Chile,2022,0.044
Chile,2023,0.044
Chile,2024,0.044
Chile,2025,0.044
Ecuador,1975,0.786
Ecuador,1976,0.760
Ecuador,1977,0.760
Ecuador,1978,0.737
Ecuador,1979,0.415
Ecuador,1980,0.363
Ecuador,1981,0.363
Ecuador,1982,0.363
Ecuador,1983,0.363
Ecuador,1984,0.391
Ecuador,1985,0.624
Ecuador,1986,0.624
Ecuador,1987,0.624
Ecuador,1988,0.624
Ecuador,1989,0.508
Ecuador,1990,0.526
Ecuador,1991,0.526
Ecuador,1992,0.526
Ecuador,1993,0.498
Ecuador,1994,0.498
Ecuador,1995,0.522
Ecuador,1996,0.565
Ecuador,1997,0.556
Ecuador,1998,0.545
Ecuador,1999,0.584
Ecuador,2000,0.550
Ecuador,2001,0.550
Ecuador,2002,0.550
Ecuador,2003,0.596
Ecuador,2004,0.589
Ecuador,2005,0.635
Ecuador,2006,0.622
Ecuador,2007,0.609
Ecuador,2008,0.606
Ecuador,2009,0.606
Ecuador,2010,0.618
Ecuador,2011,0.618
Ecuador,2012,0.618
Ecuador,2013,0.642
Ecuador,2014,0.642
Ecuador,2015,0.642
Ecuador,2016,0.642
Ecuador,2017,0.419
Ecuador,2018,0.450
Ecuador,2019,0.450
Ecuador,2020,0.470
Ecuador,2021,0.385
Ecuador,2022,0.450
Ecuador,2023,0.533
Ecuador,2024,0.534
Ecuador,2025,0.534
Uruguay,1975,0.322
Uruguay,1976,0.322
Uruguay,1977,0.322
Uruguay,1978,0.322
Uruguay,1979,0.322
Uruguay,1980,0.322
Uruguay,1981,0.322
Uruguay,1982,0.322
Uruguay,1983,0.322
Uruguay,1984,0.322
Uruguay,1985,0.024
Uruguay,1986,0.024
Uruguay,1987,0.024
Uruguay,1988,0.024
Uruguay,1989,0.024
Uruguay,1990,0.057
Uruguay,1991,0.057
Uruguay,1992,0.057
Uruguay,1993,0.057
Uruguay,1994,0.057
Uruguay,1995,0.039
Uruguay,1996,0.039
Uruguay,1997,0.039
Uruguay,1998,0.039
Uruguay,1999,0.039
Uruguay,2000,0.039
Uruguay,2001,0.039
Uruguay,2002,0.039
Uruguay,2003,0.039
Uruguay,2004,0.039
Uruguay,2005,0.039
Uruguay,2006,0.039
Uruguay,2007,0.039
Uruguay,2008,0.039
Uruguay,2009,0.039
Uruguay,2010,0.039
Uruguay,2011,0.039
Uruguay,2012,0.039
Uruguay,2013,0.050
Uruguay,2014,0.050
Uruguay,2015,0.044
Uruguay,2016,0.044
Uruguay,2017,0.044
Uruguay,2018,0.044
Uruguay,2019,0.044
Uruguay,2020,0.076
Uruguay,2021,0.089
Uruguay,2022,0.115
Uruguay,2023,0.095
Uruguay,2024,0.048
Uruguay,2025,0.052
Paraguay,1975,0.978
Paraguay,1976,0.978
Paraguay,1977,0.978
Paraguay,1978,0.978
Paraguay,1979,0.978
Paraguay,1980,0.978
Paraguay,1981,0.978
Paraguay,1982,0.978
Paraguay,1983,0.978
Paraguay,1984,0.978
Paraguay,1985,0.978
Paraguay,1986,0.978
Paraguay,1987,0.978
Paraguay,1988,0.978
Paraguay,1989,0.978
Paraguay,1990,0.942
Paraguay,1991,0.942
Paraguay,1992,0.913
Paraguay,1993,0.913
Paraguay,1994,0.913
Paraguay,1995,0.913
Paraguay,1996,0.913
Paraguay,1997,0.913
Paraguay,1998,0.913
Paraguay,1999,0.913
Paraguay,2000,0.913
Paraguay,2001,0.913
Paraguay,2002,0.913
Paraguay,2003,0.844
Paraguay,2004,0.778
Paraguay,2005,0.778
Paraguay,2006,0.778
Paraguay,2007,0.778
Paraguay,2008,0.687
Paraguay,2009,0.687
Paraguay,2010,0.687
Paraguay,2011,0.687
Paraguay,2012,0.775
Paraguay,2013,0.783
Paraguay,2014,0.776
Paraguay,2015,0.829
Paraguay,2016,0.829
Paraguay,2017,0.806
Paraguay,2018,0.747
Paraguay,2019,0.729
Paraguay,2020,0.730
Paraguay,2021,0.730
Paraguay,2022,0.730
Paraguay,2023,0.730
Paraguay,2024,0.730
Paraguay,2025,0.730
